,weight_2023,pitax_2023,total_income_2023,weight_2024,pitax_2024,total_income_2024,weight_ref_2024,pitax_ref_2024,total_income_ref_2024,weight_ref_2025,pitax_ref_2025,total_income_ref_2025,weight_ref_2026,pitax_ref_2026,total_income_ref_2026,weight_ref_2027,pitax_ref_2027,total_income_ref_2027,weight_ref_2028,pitax_ref_2028,total_income_ref_2028,weight_ref_2029,pitax_ref_2029,total_income_ref_2029,weight_ref_2030,pitax_ref_2030,total_income_ref_2030,weight_ref_2031,pitax_ref_2031,total_income_ref_2031,weight_ref_2032,pitax_ref_2032,total_income_ref_2032,ETR,ETR_ref
0,"23,631.1138",0.0000,199.0000,"21,051.5741",0.0000,199.0000,"21,051.5741",0.0000,199.0000,"21,051.5741",0.0000,220.0000,"21,051.5741",0.0000,245.0000,"21,051.5741",0.0000,272.0000,"21,051.5741",0.0000,302.0000,"21,051.5741",0.0000,335.0000,"21,051.5741",0.0000,372.0000,"21,051.5741",0.0000,412.0000,"21,051.5741",0.0000,458.0000,0.0000,0.0000
1,"23,681.8244",0.0000,519.0000,"21,096.7491",0.0000,518.0000,"21,096.7491",0.0000,518.0000,"21,096.7491",0.0000,575.0000,"21,096.7491",0.0000,638.0000,"21,096.7491",0.0000,708.0000,"21,096.7491",0.0000,786.0000,"21,096.7491",0.0000,873.0000,"21,096.7491",0.0000,968.0000,"21,096.7491",0.0000,"1,075.0000","21,096.7491",0.0000,"1,193.0000",0.0000,0.0000
2,"23,681.8244",0.0000,783.0000,"21,096.7491",0.0000,781.0000,"21,096.7491",0.0000,781.0000,"21,096.7491",0.0000,867.0000,"21,096.7491",0.0000,963.0000,"21,096.7491",0.0000,"1,068.0000","21,096.7491",0.0000,"1,186.0000","21,096.7491",0.0000,"1,316.0000","21,096.7491",0.0000,"1,461.0000","21,096.7491",0.0000,"1,622.0000","21,096.7491",0.0000,"1,800.0000",0.0000,0.0000
3,"23,681.8244",0.0000,"1,164.0000","21,096.7491",0.0000,"1,162.0000","21,096.7491",0.0000,"1,162.0000","21,096.7491",0.0000,"1,290.0000","21,096.7491",0.0000,"1,431.0000","21,096.7491",0.0000,"1,589.0000","21,096.7491",0.0000,"1,764.0000","21,096.7491",0.0000,"1,958.0000","21,096.7491",0.0000,"2,173.0000","21,096.7491",0.0000,"2,412.0000","21,096.7491",0.0000,"2,677.0000",0.0000,0.0000
4,"23,681.8244",0.0000,"1,530.0000","21,096.7491",0.0000,"1,527.0000","21,096.7491",0.0000,"1,527.0000","21,096.7491",0.0000,"1,695.0000","21,096.7491",0.0000,"1,881.0000","21,096.7491",0.0000,"2,088.0000","21,096.7491",0.0000,"2,318.0000","21,096.7491",0.0000,"2,573.0000","21,096.7491",0.0000,"2,856.0000","21,096.7491",0.0000,"3,170.0000","21,096.7491",0.0000,"3,519.0000",0.0000,0.0000
5,"23,681.8244",0.0000,"1,858.0000","21,096.7491",0.0000,"1,853.0000","21,096.7491",0.0000,"1,853.0000","21,096.7491",0.0000,"2,057.0000","21,096.7491",0.0000,"2,284.0000","21,096.7491",0.0000,"2,535.0000","21,096.7491",0.0000,"2,814.0000","21,096.7491",0.0000,"3,123.0000","21,096.7491",0.0000,"3,467.0000","21,096.7491",0.0000,"3,848.0000","21,096.7491",2.0000,"4,271.0000",0.0000,0.0000
6,"23,681.8244",0.0000,"2,135.0000","21,096.7491",0.0000,"2,131.0000","21,096.7491",0.0000,"2,131.0000","21,096.7491",0.0000,"2,365.0000","21,096.7491",0.0000,"2,625.0000","21,096.7491",0.0000,"2,914.0000","21,096.7491",0.0000,"3,234.0000","21,096.7491",0.0000,"3,590.0000","21,096.7491",0.0000,"3,985.0000","21,096.7491",4.0000,"4,423.0000","21,096.7491",9.0000,"4,910.0000",0.0000,0.0000
7,"23,681.8244",0.0000,"2,504.0000","21,096.7491",0.0000,"2,499.0000","21,096.7491",0.0000,"2,499.0000","21,096.7491",0.0000,"2,773.0000","21,096.7491",0.0000,"3,079.0000","21,096.7491",0.0000,"3,417.0000","21,096.7491",1.0000,"3,793.0000","21,096.7491",3.0000,"4,210.0000","21,096.7491",10.0000,"4,674.0000","21,096.7491",18.0000,"5,188.0000","21,096.7491",27.0000,"5,758.0000",0.0000,0.0000
8,"23,681.8244",0.0000,"2,885.0000","21,096.7491",0.0000,"2,879.0000","21,096.7491",0.0000,"2,879.0000","21,096.7491",0.0000,"3,195.0000","21,096.7491",0.0000,"3,547.0000","21,096.7491",0.0000,"3,937.0000","21,096.7491",2.0000,"4,370.0000","21,096.7491",6.0000,"4,851.0000","21,096.7491",10.0000,"5,384.0000","21,096.7491",15.0000,"5,977.0000","21,096.7491",78.0000,"6,634.0000",0.0000,0.0000
9,"23,681.8244",0.0000,"3,265.0000","21,096.7491",0.0000,"3,257.0000","21,096.7491",0.0000,"3,257.0000","21,096.7491",0.0000,"3,616.0000","21,096.7491",0.0000,"4,013.0000","21,096.7491",4.0000,"4,455.0000","21,096.7491",10.0000,"4,945.0000","21,096.7491",16.0000,"5,489.0000","21,096.7491",25.0000,"6,092.0000","21,096.7491",103.0000,"6,763.0000","21,096.7491",261.0000,"7,507.0000",0.0000,0.0000
10,"23,681.8244",0.0000,"3,613.0000","21,096.7491",0.0000,"3,605.0000","21,096.7491",0.0000,"3,605.0000","21,096.7491",0.0000,"4,001.0000","21,096.7491",3.0000,"4,441.0000","21,096.7491",6.0000,"4,930.0000","21,096.7491",10.0000,"5,472.0000","21,096.7491",15.0000,"6,074.0000","21,096.7491",83.0000,"6,742.0000","21,096.7491",234.0000,"7,484.0000","21,096.7491",417.0000,"8,307.0000",0.0000,0.0000
11,"23,631.1138",0.0000,"3,889.0000","21,051.5741",0.0000,"3,881.0000","21,051.5741",0.0000,"3,881.0000","21,051.5741",2.0000,"4,307.0000","21,051.5741",4.0000,"4,781.0000","21,051.5741",7.0000,"5,307.0000","21,051.5741",10.0000,"5,891.0000","21,051.5741",49.0000,"6,539.0000","21,051.5741",194.0000,"7,258.0000","21,051.5741",376.0000,"8,057.0000","21,051.5741",592.0000,"8,943.0000",0.0000,0.0000
12,"23,681.8244",0.0000,"4,195.0000","21,096.7491",0.0000,"4,186.0000","21,096.7491",0.0000,"4,186.0000","21,096.7491",2.0000,"4,646.0000","21,096.7491",3.0000,"5,157.0000","21,096.7491",5.0000,"5,724.0000","21,096.7491",16.0000,"6,354.0000","21,096.7491",134.0000,"7,053.0000","21,096.7491",308.0000,"7,829.0000","21,096.7491",508.0000,"8,690.0000","21,096.7491",761.0000,"9,646.0000",0.0000,0.0000
13,"23,681.8244",0.0000,"4,430.0000","21,096.7491",1.0000,"4,420.0000","21,096.7491",1.0000,"4,420.0000","21,096.7491",3.0000,"4,906.0000","21,096.7491",5.0000,"5,446.0000","21,096.7491",7.0000,"6,045.0000","21,096.7491",68.0000,"6,709.0000","21,096.7491",225.0000,"7,447.0000","21,096.7491",411.0000,"8,267.0000","21,096.7491",640.0000,"9,176.0000","21,096.7491",914.0000,"10,185.0000",0.0002,0.0002
14,"23,681.8244",0.0000,"4,692.0000","21,096.7491",2.0000,"4,681.0000","21,096.7491",2.0000,"4,681.0000","21,096.7491",4.0000,"5,196.0000","21,096.7491",5.0000,"5,768.0000","21,096.7491",21.0000,"6,402.0000","21,096.7491",148.0000,"7,106.0000","21,096.7491",325.0000,"7,888.0000","21,096.7491",529.0000,"8,756.0000","21,096.7491",787.0000,"9,719.0000","21,096.7491","1,079.0000","10,788.0000",0.0004,0.0004
15,"23,681.8244",0.0000,"4,934.0000","21,096.7491",1.0000,"4,923.0000","21,096.7491",1.0000,"4,923.0000","21,096.7491",2.0000,"5,464.0000","21,096.7491",3.0000,"6,065.0000","21,096.7491",60.0000,"6,732.0000","21,096.7491",216.0000,"7,473.0000","21,096.7491",399.0000,"8,295.0000","21,096.7491",624.0000,"9,207.0000","21,096.7491",897.0000,"10,220.0000","21,096.7491","1,201.0000","11,344.0000",0.0002,0.0002
16,"23,681.8244",1.0000,"5,144.0000","21,096.7491",2.0000,"5,132.0000","21,096.7491",2.0000,"5,132.0000","21,096.7491",3.0000,"5,697.0000","21,096.7491",9.0000,"6,324.0000","21,096.7491",122.0000,"7,019.0000","21,096.7491",295.0000,"7,791.0000","21,096.7491",494.0000,"8,648.0000","21,096.7491",745.0000,"9,600.0000","21,096.7491","1,033.0000","10,656.0000","21,096.7491","1,355.0000","11,828.0000",0.0004,0.0004
17,"23,681.8244",1.0000,"5,326.0000","21,096.7491",2.0000,"5,314.0000","21,096.7491",2.0000,"5,314.0000","21,096.7491",4.0000,"5,899.0000","21,096.7491",31.0000,"6,548.0000","21,096.7491",176.0000,"7,268.0000","21,096.7491",355.0000,"8,067.0000","21,096.7491",568.0000,"8,955.0000","21,096.7491",834.0000,"9,940.0000","21,096.7491","1,132.0000","11,033.0000","21,096.7491","1,467.0000","12,247.0000",0.0004,0.0004
18,"23,681.8244",3.0000,"5,562.0000","21,096.7491",5.0000,"5,549.0000","21,096.7491",5.0000,"5,549.0000","21,096.7491",7.0000,"6,160.0000","21,096.7491",84.0000,"6,837.0000","21,096.7491",249.0000,"7,590.0000","21,096.7491",438.0000,"8,424.0000","21,096.7491",674.0000,"9,351.0000","21,096.7491",953.0000,"10,380.0000","21,096.7491","1,265.0000","11,521.0000","21,096.7491","1,614.0000","12,789.0000",0.0009,0.0009
19,"23,681.8244",2.0000,"5,741.0000","21,096.7491",2.0000,"5,728.0000","21,096.7491",2.0000,"5,728.0000","21,096.7491",11.0000,"6,358.0000","21,096.7491",131.0000,"7,058.0000","21,096.7491",305.0000,"7,834.0000","21,096.7491",506.0000,"8,696.0000","21,096.7491",761.0000,"9,653.0000","21,096.7491","1,051.0000","10,714.0000","21,096.7491","1,375.0000","11,893.0000","21,096.7491","1,739.0000","13,201.0000",0.0003,0.0003
20,"23,681.8244",2.0000,"5,969.0000","21,096.7491",2.0000,"5,955.0000","21,096.7491",2.0000,"5,955.0000","21,096.7491",42.0000,"6,610.0000","21,096.7491",193.0000,"7,337.0000","21,096.7491",372.0000,"8,145.0000","21,096.7491",589.0000,"9,040.0000","21,096.7491",857.0000,"10,035.0000","21,096.7491","1,158.0000","11,139.0000","21,096.7491","1,495.0000","12,364.0000","21,096.7491","1,872.0000","13,724.0000",0.0003,0.0003
21,"23,681.8244",5.0000,"6,222.0000","21,096.7491",10.0000,"6,208.0000","21,096.7491",7.0000,"6,208.0000","21,096.7491",96.0000,"6,891.0000","21,096.7491",260.0000,"7,649.0000","21,096.7491",448.0000,"8,490.0000","21,096.7491",686.0000,"9,424.0000","21,096.7491",964.0000,"10,460.0000","21,096.7491","1,273.0000","11,611.0000","21,096.7491","1,625.0000","12,888.0000","21,096.7491","2,017.0000","14,306.0000",0.0016,0.0011
22,"23,631.1138",4.0000,"6,461.0000","21,051.5741",35.0000,"6,446.0000","21,051.5741",22.0000,"6,446.0000","21,051.5741",158.0000,"7,156.0000","21,051.5741",334.0000,"7,943.0000","21,051.5741",539.0000,"8,816.0000","21,051.5741",799.0000,"9,786.0000","21,051.5741","1,092.0000","10,863.0000","21,051.5741","1,420.0000","12,058.0000","21,051.5741","1,788.0000","13,384.0000","21,051.5741","2,197.0000","14,856.0000",0.0054,0.0034
23,"23,681.8244",2.0000,"6,709.0000","21,096.7491",67.0000,"6,694.0000","21,096.7491",48.0000,"6,694.0000","21,096.7491",196.0000,"7,430.0000","21,096.7491",377.0000,"8,247.0000","21,096.7491",597.0000,"9,154.0000","21,096.7491",864.0000,"10,161.0000","21,096.7491","1,165.0000","11,279.0000","21,096.7491","1,505.0000","12,520.0000","21,096.7491","1,883.0000","13,897.0000","21,096.7491","2,306.0000","15,426.0000",0.0100,0.0072
24,"23,681.8244",10.0000,"6,957.0000","21,096.7491",120.0000,"6,941.0000","21,096.7491",97.0000,"6,941.0000","21,096.7491",262.0000,"7,704.0000","21,096.7491",451.0000,"8,552.0000","21,096.7491",691.0000,"9,492.0000","21,096.7491",971.0000,"10,537.0000","21,096.7491","1,283.0000","11,696.0000","21,096.7491","1,636.0000","12,982.0000","21,096.7491","2,029.0000","14,410.0000","21,096.7491","2,466.0000","15,995.0000",0.0173,0.0140
25,"23,681.8244",20.0000,"7,153.0000","21,096.7491",155.0000,"7,137.0000","21,096.7491",131.0000,"7,137.0000","21,096.7491",302.0000,"7,922.0000","21,096.7491",499.0000,"8,793.0000","21,096.7491",750.0000,"9,761.0000","21,096.7491","1,036.0000","10,834.0000","21,096.7491","1,358.0000","12,026.0000","21,096.7491","1,719.0000","13,349.0000","21,096.7491","2,123.0000","14,817.0000","21,096.7491","2,573.0000","16,447.0000",0.0217,0.0184
26,"23,681.8244",52.0000,"7,394.0000","21,096.7491",212.0000,"7,377.0000","21,096.7491",186.0000,"7,377.0000","21,096.7491",366.0000,"8,188.0000","21,096.7491",583.0000,"9,089.0000","21,096.7491",849.0000,"10,089.0000","21,096.7491","1,147.0000","11,199.0000","21,096.7491","1,483.0000","12,431.0000","21,096.7491","1,857.0000","13,798.0000","21,096.7491","2,274.0000","15,316.0000","21,096.7491","2,738.0000","17,000.0000",0.0287,0.0252
27,"23,681.8244",92.0000,"7,638.0000","21,096.7491",260.0000,"7,620.0000","21,096.7491",233.0000,"7,620.0000","21,096.7491",418.0000,"8,459.0000","21,096.7491",653.0000,"9,389.0000","21,096.7491",933.0000,"10,422.0000","21,096.7491","1,245.0000","11,568.0000","21,096.7491","1,594.0000","12,841.0000","21,096.7491","1,982.0000","14,253.0000","21,096.7491","2,413.0000","15,821.0000","21,096.7491","2,894.0000","17,561.0000",0.0341,0.0306
28,"23,681.8244",143.0000,"7,889.0000","21,096.7491",317.0000,"7,872.0000","21,096.7491",288.0000,"7,872.0000","21,096.7491",485.0000,"8,737.0000","21,096.7491",737.0000,"9,699.0000","21,096.7491","1,025.0000","10,765.0000","21,096.7491","1,347.0000","11,950.0000","21,096.7491","1,708.0000","13,264.0000","21,096.7491","2,109.0000","14,723.0000","21,096.7491","2,555.0000","16,343.0000","21,096.7491","3,051.0000","18,140.0000",0.0403,0.0366
29,"23,681.8244",210.0000,"8,148.0000","21,096.7491",383.0000,"8,129.0000","21,096.7491",354.0000,"8,129.0000","21,096.7491",566.0000,"9,023.0000","21,096.7491",830.0000,"10,016.0000","21,096.7491","1,128.0000","11,118.0000","21,096.7491","1,462.0000","12,341.0000","21,096.7491","1,834.0000","13,698.0000","21,096.7491","2,249.0000","15,205.0000","21,096.7491","2,711.0000","16,878.0000","21,096.7491","3,225.0000","18,734.0000",0.0471,0.0435
30,"23,681.8244",284.0000,"8,437.0000","21,096.7491",463.0000,"8,418.0000","21,096.7491",431.0000,"8,418.0000","21,096.7491",670.0000,"9,344.0000","21,096.7491",952.0000,"10,372.0000","21,096.7491","1,267.0000","11,513.0000","21,096.7491","1,618.0000","12,779.0000","21,096.7491","2,008.0000","14,185.0000","21,096.7491","2,441.0000","15,745.0000","21,096.7491","2,924.0000","17,477.0000","21,096.7491","3,461.0000","19,399.0000",0.0550,0.0512
31,"23,681.8244",309.0000,"8,630.0000","21,096.7491",486.0000,"8,610.0000","21,096.7491",454.0000,"8,610.0000","21,096.7491",697.0000,"9,557.0000","21,096.7491",979.0000,"10,608.0000","21,096.7491","1,293.0000","11,775.0000","21,096.7491","1,647.0000","13,071.0000","21,096.7491","2,041.0000","14,508.0000","21,096.7491","2,479.0000","16,104.0000","21,096.7491","2,966.0000","17,876.0000","21,096.7491","3,508.0000","19,842.0000",0.0564,0.0527
32,"23,681.8244",376.0000,"8,932.0000","21,096.7491",561.0000,"8,912.0000","21,096.7491",525.0000,"8,912.0000","21,096.7491",782.0000,"9,892.0000","21,096.7491","1,073.0000","10,980.0000","21,096.7491","1,399.0000","12,188.0000","21,096.7491","1,763.0000","13,529.0000","21,096.7491","2,168.0000","15,017.0000","21,096.7491","2,620.0000","16,669.0000","21,096.7491","3,123.0000","18,502.0000","21,096.7491","3,682.0000","20,538.0000",0.0629,0.0589
33,"23,681.8244",438.0000,"9,180.0000","21,096.7491",637.0000,"9,159.0000","21,096.7491",598.0000,"9,159.0000","21,096.7491",870.0000,"10,166.0000","21,096.7491","1,174.0000","11,285.0000","21,096.7491","1,515.0000","12,526.0000","21,096.7491","1,894.0000","13,904.0000","21,096.7491","2,315.0000","15,433.0000","21,096.7491","2,784.0000","17,131.0000","21,096.7491","3,306.0000","19,015.0000","21,096.7491","3,885.0000","21,107.0000",0.0695,0.0653
34,"23,631.1138",488.0000,"9,432.0000","21,051.5741",695.0000,"9,410.0000","21,051.5741",655.0000,"9,410.0000","21,051.5741",932.0000,"10,445.0000","21,051.5741","1,241.0000","11,594.0000","21,051.5741","1,587.0000","12,870.0000","21,051.5741","1,971.0000","14,285.0000","21,051.5741","2,399.0000","15,857.0000","21,051.5741","2,876.0000","17,601.0000","21,051.5741","3,406.0000","19,537.0000","21,051.5741","3,995.0000","21,686.0000",0.0739,0.0696
35,"23,681.8244",559.0000,"9,786.0000","21,096.7491",773.0000,"9,764.0000","21,096.7491",731.0000,"9,764.0000","21,096.7491","1,017.0000","10,838.0000","21,096.7491","1,337.0000","12,030.0000","21,096.7491","1,696.0000","13,353.0000","21,096.7491","2,097.0000","14,822.0000","21,096.7491","2,543.0000","16,453.0000","21,096.7491","3,039.0000","18,263.0000","21,096.7491","3,590.0000","20,271.0000","21,096.7491","4,204.0000","22,501.0000",0.0792,0.0749
36,"23,681.8244",642.0000,"10,059.0000","21,096.7491",863.0000,"10,036.0000","21,096.7491",820.0000,"10,036.0000","21,096.7491","1,117.0000","11,140.0000","21,096.7491","1,449.0000","12,366.0000","21,096.7491","1,820.0000","13,726.0000","21,096.7491","2,232.0000","15,236.0000","21,096.7491","2,691.0000","16,912.0000","21,096.7491","3,201.0000","18,772.0000","21,096.7491","3,769.0000","20,837.0000","21,096.7491","4,399.0000","23,129.0000",0.0860,0.0817
37,"23,681.8244",719.0000,"10,381.0000","21,096.7491",941.0000,"10,357.0000","21,096.7491",896.0000,"10,357.0000","21,096.7491","1,201.0000","11,497.0000","21,096.7491","1,545.0000","12,761.0000","21,096.7491","1,928.0000","14,165.0000","21,096.7491","2,354.0000","15,723.0000","21,096.7491","2,827.0000","17,453.0000","21,096.7491","3,354.0000","19,373.0000","21,096.7491","3,941.0000","21,504.0000","21,096.7491","4,592.0000","23,869.0000",0.0909,0.0865
38,"23,681.8244",810.0000,"10,688.0000","21,096.7491","1,034.0000","10,664.0000","21,096.7491",988.0000,"10,664.0000","21,096.7491","1,304.0000","11,837.0000","21,096.7491","1,658.0000","13,139.0000","21,096.7491","2,051.0000","14,584.0000","21,096.7491","2,487.0000","16,188.0000","21,096.7491","2,974.0000","17,969.0000","21,096.7491","3,515.0000","19,945.0000","21,096.7491","4,117.0000","22,139.0000","21,096.7491","4,785.0000","24,575.0000",0.0970,0.0926
39,"23,681.8244",884.0000,"10,956.0000","21,096.7491","1,108.0000","10,931.0000","21,096.7491","1,060.0000","10,931.0000","21,096.7491","1,386.0000","12,134.0000","21,096.7491","1,750.0000","13,468.0000","21,096.7491","2,155.0000","14,950.0000","21,096.7491","2,605.0000","16,594.0000","21,096.7491","3,105.0000","18,420.0000","21,096.7491","3,662.0000","20,446.0000","21,096.7491","4,280.0000","22,695.0000","21,096.7491","4,967.0000","25,191.0000",0.1014,0.0970
40,"23,681.8244",998.0000,"11,265.0000","21,096.7491","1,224.0000","11,239.0000","21,096.7491","1,174.0000","11,239.0000","21,096.7491","1,514.0000","12,476.0000","21,096.7491","1,892.0000","13,848.0000","21,096.7491","2,312.0000","15,371.0000","21,096.7491","2,779.0000","17,062.0000","21,096.7491","3,298.0000","18,939.0000","21,096.7491","3,874.0000","21,022.0000","21,096.7491","4,514.0000","23,335.0000","21,096.7491","5,225.0000","25,901.0000",0.1089,0.1045
41,"23,681.8244","1,031.0000","11,477.0000","21,096.7491","1,256.0000","11,451.0000","21,096.7491","1,206.0000","11,451.0000","21,096.7491","1,549.0000","12,710.0000","21,096.7491","1,932.0000","14,108.0000","21,096.7491","2,358.0000","15,660.0000","21,096.7491","2,832.0000","17,383.0000","21,096.7491","3,359.0000","19,295.0000","21,096.7491","3,945.0000","21,418.0000","21,096.7491","4,596.0000","23,773.0000","21,096.7491","5,319.0000","26,389.0000",0.1097,0.1053
42,"23,681.8244","1,098.0000","11,709.0000","21,096.7491","1,325.0000","11,683.0000","21,096.7491","1,274.0000","11,683.0000","21,096.7491","1,625.0000","12,968.0000","21,096.7491","2,014.0000","14,394.0000","21,096.7491","2,447.0000","15,977.0000","21,096.7491","2,927.0000","17,735.0000","21,096.7491","3,460.0000","19,686.0000","21,096.7491","4,052.0000","21,851.0000","21,096.7491","4,710.0000","24,255.0000","21,096.7491","5,441.0000","26,923.0000",0.1134,0.1090
43,"23,681.8244","1,178.0000","12,008.0000","21,096.7491","1,403.0000","11,981.0000","21,096.7491","1,350.0000","11,981.0000","21,096.7491","1,709.0000","13,299.0000","21,096.7491","2,108.0000","14,761.0000","21,096.7491","2,552.0000","16,385.0000","21,096.7491","3,045.0000","18,187.0000","21,096.7491","3,594.0000","20,188.0000","21,096.7491","4,204.0000","22,409.0000","21,096.7491","4,881.0000","24,874.0000","21,096.7491","5,633.0000","27,610.0000",0.1171,0.1127
44,"23,681.8244","1,249.0000","12,167.0000","21,096.7491","1,475.0000","12,140.0000","21,096.7491","1,421.0000","12,140.0000","21,096.7491","1,787.0000","13,475.0000","21,096.7491","2,194.0000","14,957.0000","21,096.7491","2,645.0000","16,603.0000","21,096.7491","3,146.0000","18,429.0000","21,096.7491","3,702.0000","20,456.0000","21,096.7491","4,320.0000","22,706.0000","21,096.7491","5,007.0000","25,204.0000","21,096.7491","5,769.0000","27,976.0000",0.1215,0.1171
45,"23,631.1138","1,266.0000","12,252.0000","21,051.5741","1,494.0000","12,225.0000","21,051.5741","1,439.0000","12,225.0000","21,051.5741","1,811.0000","13,569.0000","21,051.5741","2,224.0000","15,062.0000","21,051.5741","2,684.0000","16,719.0000","21,051.5741","3,194.0000","18,558.0000","21,051.5741","3,761.0000","20,599.0000","21,051.5741","4,391.0000","22,865.0000","21,051.5741","5,091.0000","25,380.0000","21,051.5741","5,868.0000","28,172.0000",0.1222,0.1177
46,"23,681.8244","1,351.0000","12,526.0000","21,096.7491","1,578.0000","12,498.0000","21,096.7491","1,522.0000","12,498.0000","21,096.7491","1,901.0000","13,873.0000","21,096.7491","2,322.0000","15,399.0000","21,096.7491","2,790.0000","17,093.0000","21,096.7491","3,309.0000","18,973.0000","21,096.7491","3,885.0000","21,060.0000","21,096.7491","4,526.0000","23,377.0000","21,096.7491","5,237.0000","25,948.0000","21,096.7491","6,026.0000","28,803.0000",0.1263,0.1218
47,"23,681.8244","1,444.0000","12,839.0000","21,096.7491","1,674.0000","12,810.0000","21,096.7491","1,616.0000","12,810.0000","21,096.7491","2,007.0000","14,219.0000","21,096.7491","2,442.0000","15,783.0000","21,096.7491","2,924.0000","17,519.0000","21,096.7491","3,459.0000","19,446.0000","21,096.7491","4,054.0000","21,585.0000","21,096.7491","4,713.0000","23,960.0000","21,096.7491","5,446.0000","26,595.0000","21,096.7491","6,260.0000","29,521.0000",0.1307,0.1262
48,"23,681.8244","1,514.0000","13,123.0000","21,096.7491","1,741.0000","13,093.0000","21,096.7491","1,683.0000","13,093.0000","21,096.7491","2,079.0000","14,534.0000","21,096.7491","2,519.0000","16,132.0000","21,096.7491","3,007.0000","17,907.0000","21,096.7491","3,550.0000","19,877.0000","21,096.7491","4,152.0000","22,063.0000","21,096.7491","4,822.0000","24,490.0000","21,096.7491","5,566.0000","27,184.0000","21,096.7491","6,392.0000","30,174.0000",0.1330,0.1285
49,"23,707.1797","1,618.0000","13,491.0000","21,119.3366","1,844.0000","13,461.0000","21,119.3366","1,785.0000","13,461.0000","21,119.3366","2,192.0000","14,941.0000","21,119.3366","2,645.0000","16,585.0000","21,119.3366","3,148.0000","18,409.0000","21,119.3366","3,706.0000","20,434.0000","21,119.3366","4,326.0000","22,682.0000","21,119.3366","5,014.0000","25,177.0000","21,119.3366","5,778.0000","27,946.0000","21,119.3366","6,627.0000","31,020.0000",0.1370,0.1326
50,"23,681.8244","1,703.0000","13,839.0000","21,096.7491","1,928.0000","13,808.0000","21,096.7491","1,867.0000","13,808.0000","21,096.7491","2,283.0000","15,327.0000","21,096.7491","2,745.0000","17,013.0000","21,096.7491","3,259.0000","18,884.0000","21,096.7491","3,828.0000","20,962.0000","21,096.7491","4,461.0000","23,267.0000","21,096.7491","5,165.0000","25,827.0000","21,096.7491","5,946.0000","28,668.0000","21,096.7491","6,814.0000","31,821.0000",0.1396,0.1352
51,"23,656.4691","1,807.0000","14,079.0000","21,074.1616","2,033.0000","14,047.0000","21,074.1616","1,971.0000","14,047.0000","21,074.1616","2,399.0000","15,593.0000","21,074.1616","2,874.0000","17,308.0000","21,074.1616","3,402.0000","19,212.0000","21,074.1616","3,988.0000","21,325.0000","21,074.1616","4,639.0000","23,671.0000","21,074.1616","5,362.0000","26,275.0000","21,074.1616","6,166.0000","29,165.0000","21,074.1616","7,059.0000","32,373.0000",0.1447,0.1403
52,"23,681.8244","1,867.0000","14,286.0000","21,096.7491","2,093.0000","14,254.0000","21,096.7491","2,030.0000","14,254.0000","21,096.7491","2,464.0000","15,822.0000","21,096.7491","2,946.0000","17,562.0000","21,096.7491","3,481.0000","19,494.0000","21,096.7491","4,075.0000","21,639.0000","21,096.7491","4,735.0000","24,019.0000","21,096.7491","5,468.0000","26,661.0000","21,096.7491","6,282.0000","29,594.0000","21,096.7491","7,187.0000","32,849.0000",0.1468,0.1424
53,"23,681.8244","1,921.0000","14,488.0000","21,096.7491","2,147.0000","14,456.0000","21,096.7491","2,082.0000","14,456.0000","21,096.7491","2,523.0000","16,046.0000","21,096.7491","3,012.0000","17,811.0000","21,096.7491","3,555.0000","19,770.0000","21,096.7491","4,157.0000","21,945.0000","21,096.7491","4,827.0000","24,358.0000","21,096.7491","5,571.0000","27,038.0000","21,096.7491","6,396.0000","30,012.0000","21,096.7491","7,313.0000","33,313.0000",0.1485,0.1440
54,"23,681.8244","1,920.0000","14,643.0000","21,096.7491","2,143.0000","14,610.0000","21,096.7491","2,079.0000","14,610.0000","21,096.7491","2,517.0000","16,217.0000","21,096.7491","3,003.0000","18,001.0000","21,096.7491","3,543.0000","19,981.0000","21,096.7491","4,143.0000","22,179.0000","21,096.7491","4,810.0000","24,619.0000","21,096.7491","5,551.0000","27,327.0000","21,096.7491","6,374.0000","30,333.0000","21,096.7491","7,289.0000","33,669.0000",0.1467,0.1423
55,"23,681.8244","1,993.0000","14,880.0000","21,096.7491","2,219.0000","14,847.0000","21,096.7491","2,153.0000","14,847.0000","21,096.7491","2,601.0000","16,480.0000","21,096.7491","3,099.0000","18,293.0000","21,096.7491","3,652.0000","20,305.0000","21,096.7491","4,266.0000","22,539.0000","21,096.7491","4,949.0000","25,018.0000","21,096.7491","5,708.0000","27,770.0000","21,096.7491","6,551.0000","30,824.0000","21,096.7491","7,488.0000","34,215.0000",0.1495,0.1450
56,"23,656.4691","2,092.0000","15,207.0000","21,074.1616","2,317.0000","15,173.0000","21,074.1616","2,250.0000","15,173.0000","21,074.1616","2,709.0000","16,842.0000","21,074.1616","3,218.0000","18,695.0000","21,074.1616","3,784.0000","20,751.0000","21,074.1616","4,412.0000","23,034.0000","21,074.1616","5,111.0000","25,568.0000","21,074.1616","5,889.0000","28,380.0000","21,074.1616","6,753.0000","31,502.0000","21,074.1616","7,712.0000","34,967.0000",0.1527,0.1483
57,"23,681.8244","2,211.0000","15,620.0000","21,096.7491","2,439.0000","15,584.0000","21,096.7491","2,369.0000","15,584.0000","21,096.7491","2,843.0000","17,299.0000","21,096.7491","3,369.0000","19,202.0000","21,096.7491","3,953.0000","21,314.0000","21,096.7491","4,602.0000","23,658.0000","21,096.7491","5,323.0000","26,261.0000","21,096.7491","6,124.0000","29,149.0000","21,096.7491","7,015.0000","32,356.0000","21,096.7491","8,004.0000","35,915.0000",0.1565,0.1520
58,"23,681.8244","2,325.0000","15,999.0000","21,096.7491","2,551.0000","15,962.0000","21,096.7491","2,480.0000","15,962.0000","21,096.7491","2,964.0000","17,718.0000","21,096.7491","3,502.0000","19,667.0000","21,096.7491","4,099.0000","21,831.0000","21,096.7491","4,762.0000","24,232.0000","21,096.7491","5,499.0000","26,898.0000","21,096.7491","6,318.0000","29,856.0000","21,096.7491","7,227.0000","33,141.0000","21,096.7491","8,237.0000","36,786.0000",0.1598,0.1554
59,"23,681.8244","2,433.0000","16,374.0000","21,096.7491","2,658.0000","16,338.0000","21,096.7491","2,586.0000","16,338.0000","21,096.7491","3,082.0000","18,135.0000","21,096.7491","3,633.0000","20,129.0000","21,096.7491","4,244.0000","22,344.0000","21,096.7491","4,923.0000","24,802.0000","21,096.7491","5,678.0000","27,530.0000","21,096.7491","6,516.0000","30,558.0000","21,096.7491","7,447.0000","33,919.0000","21,096.7491","8,481.0000","37,650.0000",0.1627,0.1583
60,"23,681.8244","2,524.0000","16,750.0000","21,096.7491","2,749.0000","16,712.0000","21,096.7491","2,675.0000","16,712.0000","21,096.7491","3,181.0000","18,551.0000","21,096.7491","3,744.0000","20,591.0000","21,096.7491","4,370.0000","22,856.0000","21,096.7491","5,064.0000","25,370.0000","21,096.7491","5,836.0000","28,161.0000","21,096.7491","6,693.0000","31,259.0000","21,096.7491","7,646.0000","34,697.0000","21,096.7491","8,706.0000","38,514.0000",0.1645,0.1601
61,"23,681.8244","2,655.0000","17,177.0000","21,096.7491","2,879.0000","17,138.0000","21,096.7491","2,804.0000","17,138.0000","21,096.7491","3,324.0000","19,024.0000","21,096.7491","3,902.0000","21,116.0000","21,096.7491","4,544.0000","23,439.0000","21,096.7491","5,257.0000","26,017.0000","21,096.7491","6,049.0000","28,879.0000","21,096.7491","6,929.0000","32,056.0000","21,096.7491","7,907.0000","35,582.0000","21,096.7491","8,993.0000","39,496.0000",0.1680,0.1636
62,"23,656.4691","2,762.0000","17,599.0000","21,074.1616","2,986.0000","17,559.0000","21,074.1616","2,908.0000","17,559.0000","21,074.1616","3,440.0000","19,490.0000","21,074.1616","4,030.0000","21,634.0000","21,074.1616","4,686.0000","24,014.0000","21,074.1616","5,414.0000","26,655.0000","21,074.1616","6,225.0000","29,588.0000","21,074.1616","7,125.0000","32,842.0000","21,074.1616","8,126.0000","36,455.0000","21,074.1616","9,237.0000","40,465.0000",0.1701,0.1656
63,"23,681.8244","2,859.0000","18,039.0000","21,096.7491","3,081.0000","17,998.0000","21,096.7491","3,002.0000","17,998.0000","21,096.7491","3,542.0000","19,978.0000","21,096.7491","4,142.0000","22,175.0000","21,096.7491","4,808.0000","24,615.0000","21,096.7491","5,548.0000","27,322.0000","21,096.7491","6,370.0000","30,328.0000","21,096.7491","7,283.0000","33,664.0000","21,096.7491","8,296.0000","37,367.0000","21,096.7491","9,422.0000","41,477.0000",0.1712,0.1668
64,"23,681.8244","2,982.0000","18,464.0000","21,096.7491","3,207.0000","18,422.0000","21,096.7491","3,125.0000","18,422.0000","21,096.7491","3,682.0000","20,449.0000","21,096.7491","4,300.0000","22,698.0000","21,096.7491","4,987.0000","25,195.0000","21,096.7491","5,750.0000","27,966.0000","21,096.7491","6,598.0000","31,043.0000","21,096.7491","7,540.0000","34,457.0000","21,096.7491","8,586.0000","38,247.0000","21,096.7491","9,747.0000","42,455.0000",0.1741,0.1696
65,"23,681.8244","3,143.0000","18,915.0000","21,096.7491","3,367.0000","18,872.0000","21,096.7491","3,283.0000","18,872.0000","21,096.7491","3,857.0000","20,948.0000","21,096.7491","4,493.0000","23,252.0000","21,096.7491","5,200.0000","25,810.0000","21,096.7491","5,985.0000","28,649.0000","21,096.7491","6,857.0000","31,800.0000","21,096.7491","7,826.0000","35,298.0000","21,096.7491","8,901.0000","39,181.0000","21,096.7491","10,097.0000","43,491.0000",0.1784,0.1740
66,"23,681.8244","3,250.0000","19,416.0000","21,096.7491","3,473.0000","19,372.0000","21,096.7491","3,388.0000","19,372.0000","21,096.7491","3,973.0000","21,503.0000","21,096.7491","4,621.0000","23,869.0000","21,096.7491","5,342.0000","26,494.0000","21,096.7491","6,142.0000","29,409.0000","21,096.7491","7,032.0000","32,643.0000","21,096.7491","8,020.0000","36,234.0000","21,096.7491","9,117.0000","40,220.0000","21,096.7491","10,337.0000","44,644.0000",0.1793,0.1749
67,"23,681.8244","3,451.0000","19,856.0000","21,096.7491","3,674.0000","19,811.0000","21,096.7491","3,586.0000","19,811.0000","21,096.7491","4,193.0000","21,991.0000","21,096.7491","4,866.0000","24,410.0000","21,096.7491","5,614.0000","27,095.0000","21,096.7491","6,444.0000","30,075.0000","21,096.7491","7,366.0000","33,383.0000","21,096.7491","8,391.0000","37,055.0000","21,096.7491","9,529.0000","41,131.0000","21,096.7491","10,795.0000","45,656.0000",0.1855,0.1810
68,"23,656.4691","3,528.0000","20,399.0000","21,074.1616","3,751.0000","20,353.0000","21,074.1616","3,662.0000","20,353.0000","21,074.1616","4,276.0000","22,592.0000","21,074.1616","4,959.0000","25,077.0000","21,074.1616","5,718.0000","27,836.0000","21,074.1616","6,562.0000","30,898.0000","21,074.1616","7,499.0000","34,297.0000","21,074.1616","8,540.0000","38,069.0000","21,074.1616","9,697.0000","42,257.0000","21,074.1616","10,987.0000","46,905.0000",0.1843,0.1799
69,"23,681.8244","3,732.0000","21,120.0000","21,096.7491","3,955.0000","21,073.0000","21,096.7491","3,862.0000","21,073.0000","21,096.7491","4,500.0000","23,391.0000","21,096.7491","5,207.0000","25,963.0000","21,096.7491","5,993.0000","28,819.0000","21,096.7491","6,867.0000","31,990.0000","21,096.7491","7,838.0000","35,508.0000","21,096.7491","8,915.0000","39,414.0000","21,096.7491","10,113.0000","43,750.0000","21,096.7491","11,452.0000","48,562.0000",0.1877,0.1833
70,"23,681.8244","3,829.0000","21,397.0000","21,096.7491","4,050.0000","21,349.0000","21,096.7491","3,956.0000","21,349.0000","21,096.7491","4,602.0000","23,697.0000","21,096.7491","5,319.0000","26,304.0000","21,096.7491","6,115.0000","29,198.0000","21,096.7491","7,002.0000","32,409.0000","21,096.7491","7,987.0000","35,974.0000","21,096.7491","9,082.0000","39,932.0000","21,096.7491","10,297.0000","44,324.0000","21,096.7491","11,654.0000","49,200.0000",0.1897,0.1853
71,"23,681.8244","3,942.0000","21,856.0000","21,096.7491","4,164.0000","21,807.0000","21,096.7491","4,068.0000","21,807.0000","21,096.7491","4,727.0000","24,206.0000","21,096.7491","5,459.0000","26,868.0000","21,096.7491","6,272.0000","29,824.0000","21,096.7491","7,176.0000","33,104.0000","21,096.7491","8,180.0000","36,746.0000","21,096.7491","9,295.0000","40,788.0000","21,096.7491","10,536.0000","45,274.0000","21,096.7491","11,928.0000","50,255.0000",0.1909,0.1865
72,"23,681.8244","4,135.0000","22,470.0000","21,096.7491","4,357.0000","22,419.0000","21,096.7491","4,258.0000","22,419.0000","21,096.7491","4,940.0000","24,885.0000","21,096.7491","5,696.0000","27,623.0000","21,096.7491","6,537.0000","30,661.0000","21,096.7491","7,471.0000","34,034.0000","21,096.7491","8,508.0000","37,778.0000","21,096.7491","9,661.0000","41,933.0000","21,096.7491","10,945.0000","46,546.0000","21,096.7491","12,384.0000","51,666.0000",0.1943,0.1899
73,"23,681.8244","4,309.0000","23,073.0000","21,096.7491","4,531.0000","23,021.0000","21,096.7491","4,429.0000","23,021.0000","21,096.7491","5,129.0000","25,553.0000","21,096.7491","5,906.0000","28,364.0000","21,096.7491","6,769.0000","31,484.0000","21,096.7491","7,729.0000","34,948.0000","21,096.7491","8,795.0000","38,792.0000","21,096.7491","9,980.0000","43,059.0000","21,096.7491","11,303.0000","47,795.0000","21,096.7491","12,784.0000","53,053.0000",0.1968,0.1924
74,"23,656.4691","4,488.0000","23,565.0000","21,074.1616","4,709.0000","23,511.0000","21,074.1616","4,605.0000","23,511.0000","21,074.1616","5,324.0000","26,098.0000","21,074.1616","6,123.0000","28,968.0000","21,074.1616","7,011.0000","32,155.0000","21,074.1616","7,998.0000","35,692.0000","21,074.1616","9,094.0000","39,618.0000","21,074.1616","10,313.0000","43,976.0000","21,074.1616","11,672.0000","48,814.0000","21,074.1616","13,189.0000","54,183.0000",0.2003,0.1959
75,"23,681.8244","4,643.0000","24,215.0000","21,096.7491","4,863.0000","24,160.0000","21,096.7491","4,757.0000","24,160.0000","21,096.7491","5,492.0000","26,817.0000","21,096.7491","6,309.0000","29,767.0000","21,096.7491","7,217.0000","33,042.0000","21,096.7491","8,225.0000","36,676.0000","21,096.7491","9,346.0000","40,711.0000","21,096.7491","10,591.0000","45,189.0000","21,096.7491","11,987.0000","50,160.0000","21,096.7491","13,547.0000","55,677.0000",0.2013,0.1969
76,"23,681.8244","4,821.0000","24,851.0000","21,096.7491","5,041.0000","24,795.0000","21,096.7491","4,931.0000","24,795.0000","21,096.7491","5,684.0000","27,522.0000","21,096.7491","6,521.0000","30,550.0000","21,096.7491","7,451.0000","33,910.0000","21,096.7491","8,485.0000","37,640.0000","21,096.7491","9,632.0000","41,781.0000","21,096.7491","10,910.0000","46,376.0000","21,096.7491","12,348.0000","51,478.0000","21,096.7491","13,950.0000","57,140.0000",0.2033,0.1989
77,"23,681.8244","4,931.0000","25,440.0000","21,096.7491","5,149.0000","25,383.0000","21,096.7491","5,038.0000","25,383.0000","21,096.7491","5,803.0000","28,175.0000","21,096.7491","6,654.0000","31,274.0000","21,096.7491","7,598.0000","34,714.0000","21,096.7491","8,648.0000","38,533.0000","21,096.7491","9,814.0000","42,771.0000","21,096.7491","11,114.0000","47,476.0000","21,096.7491","12,576.0000","52,698.0000","21,096.7491","14,206.0000","58,495.0000",0.2029,0.1985
78,"23,681.8244","5,239.0000","26,193.0000","21,096.7491","5,460.0000","26,134.0000","21,096.7491","5,344.0000","26,134.0000","21,096.7491","6,145.0000","29,008.0000","21,096.7491","7,035.0000","32,199.0000","21,096.7491","8,024.0000","35,741.0000","21,096.7491","9,122.0000","39,673.0000","21,096.7491","10,341.0000","44,037.0000","21,096.7491","11,703.0000","48,881.0000","21,096.7491","13,224.0000","54,258.0000","21,096.7491","14,916.0000","60,226.0000",0.2089,0.2045
79,"23,669.1468","5,460.0000","26,973.0000","21,085.4554","5,679.0000","26,912.0000","21,085.4554","5,560.0000","26,912.0000","21,085.4554","6,384.0000","29,872.0000","21,085.4554","7,299.0000","33,158.0000","21,085.4554","8,316.0000","36,806.0000","21,085.4554","9,445.0000","40,854.0000","21,085.4554","10,700.0000","45,348.0000","21,085.4554","12,111.0000","50,337.0000","21,085.4554","13,685.0000","55,874.0000","21,085.4554","15,434.0000","62,020.0000",0.2110,0.2066
80,"23,681.8244","5,579.0000","27,706.0000","21,096.7491","5,798.0000","27,643.0000","21,096.7491","5,677.0000","27,643.0000","21,096.7491","6,514.0000","30,684.0000","21,096.7491","7,443.0000","34,059.0000","21,096.7491","8,477.0000","37,805.0000","21,096.7491","9,625.0000","41,964.0000","21,096.7491","10,903.0000","46,580.0000","21,096.7491","12,345.0000","51,704.0000","21,096.7491","13,954.0000","57,391.0000","21,096.7491","15,741.0000","63,704.0000",0.2097,0.2054
81,"23,681.8244","5,887.0000","28,826.0000","21,096.7491","6,107.0000","28,761.0000","21,096.7491","5,981.0000","28,761.0000","21,096.7491","6,854.0000","31,925.0000","21,096.7491","7,823.0000","35,436.0000","21,096.7491","8,901.0000","39,334.0000","21,096.7491","10,098.0000","43,661.0000","21,096.7491","11,434.0000","48,464.0000","21,096.7491","12,931.0000","53,795.0000","21,096.7491","14,596.0000","59,712.0000","21,096.7491","16,448.0000","66,280.0000",0.2123,0.2080
82,"23,669.1468","6,263.0000","30,253.0000","21,085.4554","6,481.0000","30,185.0000","21,085.4554","6,349.0000","30,185.0000","21,085.4554","7,262.0000","33,505.0000","21,085.4554","8,275.0000","37,191.0000","21,085.4554","9,402.0000","41,282.0000","21,085.4554","10,654.0000","45,823.0000","21,085.4554","12,062.0000","50,864.0000","21,085.4554","13,631.0000","56,459.0000","21,085.4554","15,378.0000","62,669.0000","21,085.4554","17,322.0000","69,563.0000",0.2147,0.2103
83,"23,681.8244","6,703.0000","31,612.0000","21,096.7491","6,920.0000","31,541.0000","21,096.7491","6,782.0000","31,541.0000","21,096.7491","7,741.0000","35,010.0000","21,096.7491","8,806.0000","38,861.0000","21,096.7491","9,990.0000","43,136.0000","21,096.7491","11,312.0000","47,881.0000","21,096.7491","12,799.0000","53,148.0000","21,096.7491","14,454.0000","58,994.0000","21,096.7491","16,294.0000","65,483.0000","21,096.7491","18,339.0000","72,687.0000",0.2194,0.2150
84,"23,681.8244","7,030.0000","33,201.0000","21,096.7491","7,248.0000","33,126.0000","21,096.7491","7,103.0000","33,126.0000","21,096.7491","8,099.0000","36,770.0000","21,096.7491","9,207.0000","40,815.0000","21,096.7491","10,439.0000","45,305.0000","21,096.7491","11,827.0000","50,288.0000","21,096.7491","13,379.0000","55,820.0000","21,096.7491","15,105.0000","61,960.0000","21,096.7491","17,026.0000","68,776.0000","21,096.7491","19,164.0000","76,341.0000",0.2188,0.2144
85,"23,669.1468","7,596.0000","34,831.0000","21,085.4554","7,813.0000","34,752.0000","21,085.4554","7,660.0000","34,752.0000","21,085.4554","8,719.0000","38,575.0000","21,085.4554","9,896.0000","42,818.0000","21,085.4554","11,210.0000","47,529.0000","21,085.4554","12,685.0000","52,757.0000","21,085.4554","14,328.0000","58,560.0000","21,085.4554","16,155.0000","65,001.0000","21,085.4554","18,188.0000","72,152.0000","21,085.4554","20,451.0000","80,088.0000",0.2248,0.2204
86,"23,681.8244","8,082.0000","36,830.0000","21,096.7491","8,300.0000","36,747.0000","21,096.7491","8,139.0000","36,747.0000","21,096.7491","9,252.0000","40,789.0000","21,096.7491","10,490.0000","45,276.0000","21,096.7491","11,883.0000","50,256.0000","21,096.7491","13,442.0000","55,784.0000","21,096.7491","15,177.0000","61,920.0000","21,096.7491","17,106.0000","68,731.0000","21,096.7491","19,253.0000","76,292.0000","21,096.7491","21,642.0000","84,684.0000",0.2259,0.2215
87,"23,681.8244","8,692.0000","39,061.0000","21,096.7491","8,907.0000","38,973.0000","21,096.7491","8,737.0000","38,973.0000","21,096.7491","9,914.0000","43,260.0000","21,096.7491","11,234.0000","48,019.0000","21,096.7491","12,718.0000","53,301.0000","21,096.7491","14,369.0000","59,164.0000","21,096.7491","16,206.0000","65,672.0000","21,096.7491","18,250.0000","72,896.0000","21,096.7491","20,525.0000","80,915.0000","21,096.7491","23,058.0000","89,815.0000",0.2285,0.2242
88,"23,669.1468","9,491.0000","41,588.0000","21,085.4554","9,704.0000","41,494.0000","21,085.4554","9,523.0000","41,494.0000","21,085.4554","10,789.0000","46,058.0000","21,085.4554","12,216.0000","51,124.0000","21,085.4554","13,809.0000","56,748.0000","21,085.4554","15,580.0000","62,990.0000","21,085.4554","17,548.0000","69,919.0000","21,085.4554","19,738.0000","77,610.0000","21,085.4554","22,175.0000","86,148.0000","21,085.4554","24,888.0000","95,624.0000",0.2339,0.2295
89,"23,686.8954","10,161.0000","44,301.0000","21,101.2666","10,379.0000","44,201.0000","21,101.2666","10,185.0000","44,201.0000","21,101.2666","11,536.0000","49,063.0000","21,101.2666","13,051.0000","54,460.0000","21,101.2666","14,737.0000","60,451.0000","21,101.2666","16,612.0000","67,100.0000","21,101.2666","18,701.0000","74,481.0000","21,101.2666","21,027.0000","82,674.0000","21,101.2666","23,618.0000","91,768.0000","21,101.2666","26,505.0000","101,863.0000",0.2348,0.2304
90,"23,676.7533","11,251.0000","48,344.0000","21,092.2316","11,476.0000","48,234.0000","21,092.2316","11,263.0000","48,234.0000","21,092.2316","12,748.0000","53,540.0000","21,092.2316","14,405.0000","59,430.0000","21,092.2316","16,248.0000","65,967.0000","21,092.2316","18,299.0000","73,223.0000","21,092.2316","20,582.0000","81,278.0000","21,092.2316","23,124.0000","90,218.0000","21,092.2316","25,957.0000","100,142.0000","21,092.2316","29,113.0000","111,158.0000",0.2379,0.2335
91,"23,678.0211","12,436.0000","52,829.0000","21,093.3610","12,672.0000","52,710.0000","21,093.3610","12,439.0000","52,710.0000","21,093.3610","14,060.0000","58,508.0000","21,093.3610","15,864.0000","64,943.0000","21,093.3610","17,875.0000","72,087.0000","21,093.3610","20,114.0000","80,017.0000","21,093.3610","22,609.0000","88,819.0000","21,093.3610","25,388.0000","98,589.0000","21,093.3610","28,487.0000","109,433.0000","21,093.3610","31,939.0000","121,471.0000",0.2404,0.2360
92,"23,676.7533","13,918.0000","58,116.0000","21,092.2316","14,159.0000","57,985.0000","21,092.2316","13,902.0000","57,985.0000","21,092.2316","15,686.0000","64,364.0000","21,092.2316","17,674.0000","71,444.0000","21,092.2316","19,888.0000","79,302.0000","21,092.2316","22,355.0000","88,026.0000","21,092.2316","25,106.0000","97,709.0000","21,092.2316","28,174.0000","108,456.0000","21,092.2316","31,592.0000","120,387.0000","21,092.2316","35,434.0000","133,629.0000",0.2442,0.2398
93,"23,678.0211","15,654.0000","64,543.0000","21,093.3610","15,898.0000","64,397.0000","21,093.3610","15,612.0000","64,397.0000","21,093.3610","17,592.0000","71,481.0000","21,093.3610","19,801.0000","79,344.0000","21,093.3610","22,264.0000","88,071.0000","21,093.3610","25,011.0000","97,759.0000","21,093.3610","28,077.0000","108,513.0000","21,093.3610","31,497.0000","120,449.0000","21,093.3610","35,341.0000","133,698.0000","21,093.3610","39,861.0000","148,405.0000",0.2469,0.2424
94,"23,676.7533","17,707.0000","71,714.0000","21,092.2316","17,952.0000","71,552.0000","21,092.2316","17,634.0000","71,552.0000","21,092.2316","19,844.0000","79,423.0000","21,092.2316","22,312.0000","88,160.0000","21,092.2316","25,066.0000","97,857.0000","21,092.2316","28,139.0000","108,621.0000","21,092.2316","31,565.0000","120,570.0000","21,092.2316","35,421.0000","133,832.0000","21,092.2316","39,948.0000","148,554.0000","21,092.2316","45,043.0000","164,895.0000",0.2509,0.2465
95,"23,678.0211","20,389.0000","81,041.0000","21,093.3610","20,631.0000","80,858.0000","21,093.3610","20,274.0000","80,858.0000","21,093.3610","22,781.0000","89,752.0000","21,093.3610","25,582.0000","99,625.0000","21,093.3610","28,709.0000","110,584.0000","21,093.3610","32,193.0000","122,748.0000","21,093.3610","36,153.0000","136,250.0000","21,093.3610","40,773.0000","151,238.0000","21,093.3610","45,950.0000","167,874.0000","21,093.3610","51,704.0000","186,340.0000",0.2552,0.2507
96,"23,676.7533","24,255.0000","94,645.0000","21,092.2316","24,504.0000","94,431.0000","21,092.2316","24,088.0000","94,431.0000","21,092.2316","27,032.0000","104,819.0000","21,092.2316","30,320.0000","116,349.0000","21,092.2316","34,008.0000","129,147.0000","21,092.2316","38,270.0000","143,353.0000","21,092.2316","43,152.0000","159,122.0000","21,092.2316","48,587.0000","176,626.0000","21,092.2316","54,631.0000","196,054.0000","21,092.2316","61,516.0000","217,620.0000",0.2595,0.2551
97,"23,678.0211","30,817.0000","117,382.0000","21,093.3610","31,076.0000","117,117.0000","21,093.3610","30,559.0000","117,117.0000","21,093.3610","34,291.0000","130,000.0000","21,093.3610","38,582.0000","144,300.0000","21,093.3610","43,483.0000","160,173.0000","21,093.3610","48,952.0000","177,793.0000","21,093.3610","55,059.0000","197,350.0000","21,093.3610","62,020.0000","219,058.0000","21,093.3610","69,988.0000","243,155.0000","21,093.3610","78,943.0000","269,902.0000",0.2653,0.2609
98,"23,676.7533","45,175.0000","165,631.0000","21,092.2316","45,737.0000","165,257.0000","21,092.2316","44,955.0000","165,257.0000","21,092.2316","50,607.0000","183,435.0000","21,092.2316","56,994.0000","203,613.0000","21,092.2316","64,206.0000","226,010.0000","21,092.2316","72,350.0000","250,872.0000","21,092.2316","81,530.0000","278,467.0000","21,092.2316","91,742.0000","309,099.0000","21,092.2316","103,082.0000","343,100.0000","21,092.2316","115,671.0000","380,841.0000",0.2768,0.2720
99,"23,678.0211","149,486.0000","489,192.0000","21,093.3610","150,387.0000","488,087.0000","21,093.3610","148,010.0000","488,087.0000","21,093.3610","165,475.0000","541,777.0000","21,093.3610","184,879.0000","601,372.0000","21,093.3610","206,419.0000","667,523.0000","21,093.3610","230,331.0000","740,951.0000","21,093.3610","256,874.0000","822,456.0000","21,093.3610","286,340.0000","912,926.0000","21,093.3610","319,048.0000","1,013,348.0000","21,093.3610","355,357.0000","1,124,816.0000",0.3081,0.3032
ALL,"2,367,737.4544","532,333.0000","2,523,073.0000","2,109,278.5008","549,957.0000","2,517,377.0000","2,109,278.5008","538,994.0000","2,517,377.0000","2,109,278.5008","616,457.0000","2,794,288.0000","2,109,278.5008","703,491.0000","3,101,660.0000","2,109,278.5008","801,142.0000","3,442,843.0000","2,109,278.5008","910,544.0000","3,821,555.0000","2,109,278.5008","1,033,007.0000","4,241,927.0000","2,109,278.5008","1,170,019.0000","4,708,538.0000","2,109,278.5008","1,323,210.0000","5,226,478.0000","2,109,278.5008","1,494,378.0000","5,801,390.0000",0.2185,0.2141
